{"cameraMode":{"drawMode":0,"name":"Shaded","section":"Shading Mode"},"sceneLighting":true,"audioPlay":false,"sceneViewState":{"m_AlwaysRefresh":false,"showFog":true,"showSkybox":true,"showFlares":true,"showImageEffects":true,"showParticleSystems":true,"showVisualEffectGraphs":true,"m_FxEnabled":true},"in2DMode":false,"pivot":{"x":-0.5084825158119202,"y":0.32312583923339846,"z":1.9330711364746094},"rotation":{"x":-0.002632708987221122,"y":0.8868424892425537,"z":-0.46204882860183718,"w":-0.005055263172835112},"size":10.057360649108887,"orthographic":false}