{"cameraMode":{"drawMode":0,"name":"Shaded","section":"Shading Mode"},"sceneLighting":true,"audioPlay":false,"sceneViewState":{"m_AlwaysRefresh":false,"showFog":true,"showSkybox":true,"showFlares":true,"showImageEffects":true,"showParticleSystems":true,"showVisualEffectGraphs":true,"m_FxEnabled":true},"in2DMode":false,"pivot":{"x":-0.8065255284309387,"y":1.3278226852416993,"z":-0.30210548639297488},"rotation":{"x":-0.6862438321113586,"y":-0.0006564993527717888,"z":0.0006192097207531333,"w":-0.727374792098999},"size":7.616026401519775,"orthographic":false}