{"cameraMode":{"drawMode":0,"name":"Shaded","section":"Shading Mode"},"sceneLighting":false,"audioPlay":false,"sceneViewState":{"m_AlwaysRefresh":false,"showFog":true,"showSkybox":false,"showFlares":true,"showImageEffects":true,"showParticleSystems":true,"showVisualEffectGraphs":true,"m_FxEnabled":true},"in2DMode":false,"pivot":{"x":-0.33962759375572207,"y":-2.3805313110351564,"z":0.11215005815029144},"rotation":{"x":-0.4659736454486847,"y":0.01512665394693613,"z":-0.007967676967382431,"w":-0.8846367001533508},"size":1.1191514730453492,"orthographic":false}